DBC,EEM,EFA,GLD,IWM,QQQ,SPY,TLT,VNQ
1,0.35603170799897543,0.3430652202049468,0.2594672289465265,0.3166216723370406,0.2510087372438728,0.3240345981666171,-0.17385369480078686,0.20938311261971726
0.35603170799897543,1,0.8315968253117538,0.20654580840054765,0.695083631718449,0.7270424258828978,0.7513385092296739,-0.1180489536504164,0.5324238676348839
0.3430652202049468,0.8315968253117538,1,0.1700058939675227,0.78909422397857365,0.753901528309917,0.845853352629076,-0.13905627661094203,0.656339675412897
0.2594672289465265,0.20654580840054765,0.1700058939675227,1,0.0749159804122346,0.07929466904797922,0.06638693199723926,0.25748229703194414,0.1268584280402749
0.3166216723370406,0.695083631718449,0.78909422397857365,0.0749159804122346,1,0.7706637311618487,0.8676798972845468,-0.1491152712642399,0.7130261205265032
0.2510087372438728,0.7270424258828978,0.753901528309917,0.07929466904797922,0.7706637311618487,1,0.9334719322544003,-0.12026229950790217,0.5722987512013854
0.3240345981666171,0.7513385092296739,0.845853352629076,0.06638693199723926,0.8676798972845468,0.9334719322544003,1,-0.17286619750535495,0.7165642914277291
-0.17385369480078686,-0.1180489536504164,-0.13905627661094203,0.25748229703194414,-0.1491152712642399,-0.12026229950790217,-0.17286619750535495,1,0.036738041249220366
0.20938311261971726,0.5324238676348839,0.656339675412897,0.1268584280402749,0.7130261205265032,0.5722987512013854,0.7165642914277291,0.036738041249220366,1
